Speech File,Min Pitch,Max Pitch,Mean Pitch,Sd Pitch,Min Intensity,Max Intensity,Mean Intensity,Sd Intensity,Speaking Rate,Jitter,Shimmer,HNR
Happy,76.91324697102979,314.4896469693486,206.92179482494643,46.88664399515682,38.78592837336681,77.97668435626312,69.80937363467105,8.678469657541942,4.318120481243165,0.018122409817859498,0.05883824628511772,14.624534361507651
Angry,92.92579811558709,510.233987626644,241.996241582224,58.2246015161569,27.175642759503518,80.31871742608976,70.94565232487652,12.865037658949142,3.230766841148786,0.02817666546723447,0.09925962305114004,7.780325132358354
Sad,87.12796532009818,268.53184294807824,212.86830601843707,28.70786474676062,26.63557994860143,81.96708691596021,73.10805939728459,15.459161938114498,2.3061596506846413,0.013842858017042138,0.059852153702199526,15.560026145442547
Afraid,73.81670152852266,439.5928331246475,150.17616171379635,69.13365205972623,1.8100719719907472,85.70981719983676,73.38339021036805,16.083953819503662,2.923631905312051,0.026656571561150078,0.16020803793690774,8.174009729315891
Surprised,83.8043866199783,434.8194843618439,240.95278926975186,71.76493084715497,40.40838928379036,82.24359808914745,74.68245250434975,13.292849717427318,3.5582736812843145,0.03275321463417416,0.08245537389941962,12.494142506942882
Disgusted,84.3552815711679,253.99773132096675,162.44683079516443,32.81240874549202,34.345525854847345,79.19660843452095,72.4498813070545,7.969231592246536,4.456490299634696,0.019056195364862978,0.07509579289533999,10.874986687650713
Neutral,82.9766084709992,191.52944617738515,130.5582899704126,26.56733672679757,33.687482473400415,79.97129430366262,73.41461423023358,10.585497390672849,2.6239067055393583,0.02530199254891767,0.07011802636414075,11.172631571379043
